userid,movieid,rating
1,1339,2.4151203449714758
2,377,3.3093493031745735
3,527,4.097225765232487
4,112,4.161155357235211
5,150,4.118647625607673
6,2072,2.7645926771086176
7,333,3.345731042537249
8,805,4.084933481665129
9,608,4.286965807456429
10,1127,3.7418572172679334
